CLASS_DTL_ID	CLASS_ID	CLASS_DTL_CD	DICT_ID	VIEW_ORDER	DEFAULT_FLG
1	1	1	2326	1	0
2	1	2	1130	2	0
3	2	0	2089	1	0
4	2	1	2106	2	0
5	2	2	2107	3	0
6	2	3	2108	4	0
7	3	0	1750	1	0
8	3	1	1751	2	0
9	4	0	1748	1	0
10	4	1	1749	2	0
11	5	limitDt	313	1	0
12	5	locationCd	262	2	0
13	5	locationOrder	1983	3	0
14	5	lot	266	4	0
15	5	lotOrder	268	5	0
16	5	storeDt	583	6	0
17	5	storeLabelNo	573	7	0
18	5	zoneCd	211	8	0
19	6	0	1851	1	0
20	6	1	1852	2	0
21	7	YMTFMT	2137	1	0
22	7	YUPKFMT	2138	2	0
23	8	0	1755	1	0
24	8	1	1754	2	0
25	9	1	481	1	0
26	9	2	444	2	0
27	10	0	2087	1	0
28	10	1	2088	2	0
29	11	0	1755	1	0
30	11	1	1754	2	0
31	12	CODABAR	2095	1	0
32	12	CODE128	2094	2	0
33	12	CODE39	2093	3	0
34	12	ITF	2097	4	0
35	12	JAN	2096	5	0
36	13	0	1759	1	0
37	13	1	1758	2	0
38	14	0	2098	1	0
39	14	1	2099	2	0
40	15	0	1815	1	0
41	15	1	1819	2	0
42	16	0	2104	1	0
43	16	1	2105	2	0
44	17	1	5142	1	0
45	17	2	734	2	0
46	18	0	1791	1	0
47	18	1	2040	2	0
48	19	MS932	1986	1	0
49	19	UTF8	2035	2	0
50	20	0	1823	1	0
51	20	1	1824	2	0
52	21	0	1839	1	0
53	21	7	1840	2	0
54	22	0	1886	1	0
55	22	1	1979	2	0
56	22	2	1980	3	0
57	22	3	1981	4	0
58	23	0	1884	1	0
59	23	1	1885	2	0
60	24	1	2036	1	0
61	24	2	2037	2	0
62	25	0	2036	1	0
63	25	1	2037	2	0
64	25	2	2042	3	0
65	26	calcnumber	2889	1	0
66	26	checkbox	1929	2	0
67	26	date	864	3	0
68	26	datetime	1917	4	0
69	26	dropdown	1928	5	0
70	26	number	1916	6	0
71	26	text	1915	7	0
72	27	0	2415	1	0
73	27	1	2416	2	0
74	28	0	1883	1	0
75	28	1	1884	2	0
76	29	0	1791	1	0
77	29	1	1993	2	0
78	29	2	1994	3	0
79	30	0	2032	1	0
80	30	1	2033	2	0
81	30	2	2034	3	0
82	31	MCarrierSlipSgw	2624	1	0
83	31	MCarrierSlipYmt	2625	2	0
84	31	MCarrierSlipYupk	2626	3	0
85	31	MCenterCol	2621	4	0
86	31	MCenterItem	2622	5	0
87	31	MCenterScreen	2623	6	0
88	32	0	1865	1	0
89	32	1	1866	2	0
90	33	0	1968	1	0
91	33	1	1969	2	0
92	34	0	1782	1	0
93	34	1	1241	2	0
94	34	2	1242	3	0
95	34	3	1243	4	0
96	35	0	1966	1	0
97	35	1	1967	2	0
98	36	0	1799	1	0
99	36	1	1964	2	0
100	36	2	1965	3	0
101	37	01	1961	1	0
102	37	02	2061	2	0
103	37	03	1962	3	0
104	37	04	1963	4	0
105	37	05	1960	5	0
106	37	06	2133	6	0
107	37	07	2134	7	0
108	37	08	2135	8	0
109	37	09	2136	9	0
110	38	date	864	1	0
111	38	datetime	1917	2	0
112	38	number	1916	3	0
113	38	text	1915	4	0
114	38	time	136	5	0
115	39	0	1837	1	0
116	39	1	1838	2	0
117	40	0	1837	1	0
118	40	1	1838	2	0
119	41	0	1815	1	0
120	41	1	1819	2	0
121	42	0	1755	1	0
122	42	1	1754	2	0
123	43	0	2306	1	0
124	43	1	2307	2	0
125	44	A	1800	1	0
126	44	B	1801	2	0
127	44	C	1802	3	0
128	44	D	1803	4	0
129	44	E	1804	5	0
130	44	F	1805	6	0
131	44	G	1806	7	0
132	44	H	1807	8	0
133	44	I	1808	9	0
134	44	J	1809	10	0
135	45	0	1760	1	0
136	45	1	1761	2	0
137	46	0	1755	1	0
138	46	1	1754	2	0
139	47	0	1931	1	0
140	47	1	600	2	0
141	48	0	2258	1	0
142	48	1	443	2	0
143	48	2	387	3	0
144	49	0	1945	1	0
145	49	1	1912	2	0
146	50	0	1819	1	0
147	50	1	1820	2	0
148	51	0	1791	1	0
149	51	1	1786	2	0
150	52	0	1762	1	0
151	52	1	957	2	0
152	53	0	2068	1	0
153	53	1	2069	2	0
154	54	0	2038	1	0
155	55	0	1792	1	0
156	55	1	1793	2	0
157	56	0	1744	1	0
158	56	1	1745	2	0
159	57	0	2304	1	0
160	57	1	2305	2	0
161	58	0	1791	1	0
162	58	1	2360	2	0
163	58	2	2361	3	0
164	59	0	1755	1	0
165	59	1	1754	2	0
166	60	0	2310	1	0
167	60	1	2311	2	0
168	61	0	1814	1	0
169	61	1	1815	2	0
170	62	0	1863	1	0
171	62	1	1864	2	0
172	63	^([0-1][0-9]|[2][0-3]):[0-5][0-9]$	1926	1	0
173	63	^([0-1][0-9]|[2][0-3]):[0-5][0-9]:[0-5][0-9]$	2048	2	0
174	63	^[ -~｡-ﾟ]*$	1924	3	0
175	63	^[!-~]*$	1927	4	0
176	63	^[0-9\-]*$	1919	5	0
177	63	^[0-9]*$	1918	6	0
178	63	^[0-9a-zA-Z\-]*$	1921	7	0
179	63	^[0-9a-zA-Z]*$	1920	8	0
180	63	^[^ -~｡-ﾟ]*$	1925	9	0
181	63	^[a-zA-Z\-]*$	1923	10	0
182	63	^[a-zA-Z]*$	1922	11	0
183	64	00	1781	1	0
184	64	10	1782	2	0
185	64	20	1783	3	0
186	64	30	1784	4	0
187	65	0	1848	1	0
188	65	1	1849	2	0
189	65	7	1850	3	0
190	66	0	1892	1	0
191	66	1	1891	2	0
192	67	0	1867	1	0
193	67	1	1868	2	0
194	68	checkbox	1929	1	0
195	68	date	864	2	0
196	68	datetime	1917	3	0
197	68	dropdown	1928	4	0
198	68	grid	1930	5	0
199	68	number	1916	6	0
200	68	text	1915	7	0
201	69	0	1910	1	0
202	69	1	1909	2	0
203	70	0	1753	1	0
204	70	1	1752	2	0
205	71	0	1753	1	0
206	71	1	1752	2	0
207	72	inputLimitCheckAlphabetAndHyphenOnlyError	1940	1	0
208	72	inputLimitCheckAlphabetAndNumericAndHyphenOnlyError	1938	2	0
209	72	inputLimitCheckAlphabetAndNumericAndSymbolOnlyError	1944	3	0
210	72	inputLimitCheckAlphabetAndNumericOnlyError	1937	4	0
211	72	inputLimitCheckAlphabetOnlyError	1939	5	0
212	72	inputLimitCheckFullWidthOnlyError	1942	6	0
213	72	inputLimitCheckHalfWidthOnlyError	1941	7	0
214	72	inputLimitCheckNumericAndHyphenOnlyError	1936	8	0
215	72	inputLimitCheckNumericOnlyError	1935	9	0
216	72	inputLimitCheckTimeHHMMSSOnlyError	2049	10	0
217	72	inputLimitCheckTimeOnlyError	1943	11	0
218	73	1	2357	1	0
219	73	2	2358	2	0
220	73	3	2359	3	0
221	74	0	1796	1	0
222	74	1	1797	2	0
223	75	0	1796	1	0
224	75	1	1797	2	0
225	75	2	1798	3	0
226	76	0	1796	1	0
227	76	1	1797	2	0
228	76	2	1799	3	0
229	77	0	1848	1	0
230	77	1	1849	2	0
231	78	00	1742	1	0
232	78	01	1743	2	0
233	79	0	2046	1	0
234	79	1	2047	2	0
235	80	1	1900	1	0
236	80	2	1901	2	0
237	80	3	1766	3	0
238	81	1	1896	1	0
239	81	2	1897	2	0
240	81	3	1898	3	0
241	81	4	1899	4	0
242	82	1	1758	1	0
243	82	2	1893	2	0
244	82	3	1894	3	0
245	83	0	1753	1	0
246	83	1	1752	2	0
247	84	0	1753	1	0
248	84	1	1752	2	0
249	85	00	1859	1	0
250	85	01	1861	2	0
251	85	02	1862	3	0
252	86	0	2366	1	0
253	86	1	2367	2	0
254	87	confirm	1120	1	0
255	87	error	1766	2	0
256	87	info	1900	3	0
257	87	warn	1901	4	0
258	88	0	2058	1	0
259	88	1	1741	2	0
260	89	00	1855	1	0
261	89	01	1856	2	0
262	89	02	1857	3	0
263	89	99	1858	4	0
264	90	0	2059	1	0
265	90	1	2060	2	0
266	91	0	2071	1	0
267	91	1	2072	2	0
268	92	0	1931	1	0
269	92	1	600	2	0
270	93	0	1819	1	0
271	93	1	2073	2	0
272	94	0	1818	1	0
273	94	1	1819	2	0
274	95	0	1819	1	0
275	95	1	919	2	0
276	96	0	1813	1	0
277	96	1	2043	2	0
278	97	0	1955	1	0
279	97	1	1956	2	0
280	98	0	1813	1	0
281	98	1	2043	2	0
282	99	0	1755	1	0
283	99	1	1754	2	0
284	100	0	1984	1	0
285	100	1	1985	2	0
286	101	0	2054	1	0
287	101	1	2055	2	0
288	102	0	2056	1	0
289	102	1	2057	2	0
290	103	0	1814	1	0
291	103	1	1815	2	0
292	104	10	1767	1	0
293	104	15	1768	2	0
294	104	20	1769	3	0
295	104	25	1770	4	0
296	104	30	1771	5	0
297	104	35	1772	6	0
298	104	40	1773	7	0
299	104	45	1774	8	0
300	104	50	882	9	0
301	104	55	883	10	0
302	104	90	1776	11	0
303	104	99	957	12	0
304	105	0	2044	1	0
305	105	1	2045	2	0
306	106	0	1984	1	0
307	106	1	1985	2	0
308	107	1	805	1	0
309	108	0	1845	1	0
310	108	1	1846	2	0
311	108	7	1847	3	0
312	109	0	1747	1	0
313	109	1	1746	2	0
314	110	10	1767	1	0
315	110	15	1768	2	0
316	110	20	1769	3	0
317	110	25	1770	4	0
318	110	30	1771	5	0
319	110	35	1772	6	0
320	110	40	1773	7	0
321	110	45	1774	8	0
322	110	50	882	9	0
323	110	55	883	10	0
324	110	90	1776	11	0
325	110	99	957	12	0
326	111	1	1794	1	0
327	111	2	1795	2	0
328	111	3	2575	3	0
329	111	4	1641	4	0
330	112	1	980	1	0
331	112	2	711	2	0
332	113	0	1755	1	0
333	113	1	1754	2	0
334	114	0	2089	1	0
335	114	1	2092	2	0
336	115	0	1959	1	0
337	115	1	2027	2	0
338	115	2	2028	3	0
339	115	3	2029	4	0
340	115	5	2030	5	0
341	115	6	2031	6	0
342	116	0	2043	1	0
343	116	1	1813	2	0
344	117	1	1791	1	0
345	117	2	111	2	0
346	118	0	1853	1	0
347	118	1	1965	2	0
348	119	0	2074	1	0
349	119	1	2075	2	0
350	120	0	2082	1	0
351	120	9	2077	2	0
352	121	0	2083	1	0
353	121	1	2084	2	0
354	121	2	2085	3	0
355	122	0	2074	1	0
356	122	1	2075	2	0
357	122	2	2076	3	0
358	122	9	2077	4	0
359	123	0	2302	1	0
360	123	1	2303	2	0
361	124	CODABAR	2095	1	0
362	124	CODE128	2094	2	0
363	124	CODE39	2093	3	0
364	124	ITF	2097	4	0
365	124	JAN	2096	5	0
366	125	0	2100	1	0
367	125	1	2101	2	0
368	125	2	2102	3	0
369	126	CODABAR	2095	1	0
370	126	CODE128	2094	2	0
371	126	CODE39	2093	3	0
372	126	ITF	2097	4	0
373	126	JAN	2096	5	0
374	127	0	1984	1	0
375	127	1	1985	2	0
376	128	101	1959	1	0
377	128	102	2511	2	0
378	128	103	2512	3	0
379	128	105	2513	4	0
380	128	107	2514	5	0
381	128	113	2515	6	0
382	128	201	2516	7	0
383	128	202	2517	8	0
384	128	203	2518	9	0
385	128	601	2519	10	0
386	128	603	2520	11	0
387	128	605	2521	12	0
388	128	701	2522	13	0
389	128	702	2523	14	0
390	128	703	2524	15	0
391	128	704	2525	16	0
392	128	705	2526	17	0
393	128	707	2527	18	0
394	129	0	1823	1	0
395	129	1	1824	2	0
396	130	0	1873	1	0
397	130	1	1876	2	0
398	130	2	1877	3	0
399	130	3	1878	4	0
400	130	4	1879	5	0
401	130	5	1880	6	0
402	130	6	1875	7	0
403	131	00	1777	1	0
404	131	01	1778	2	0
405	131	02	1779	3	0
406	131	09	1780	4	0
407	132	0	1831	1	0
408	132	1	1832	2	0
409	133	01	1763	1	0
410	133	02	1764	2	0
411	133	03	1765	3	0
412	133	90	782	4	0
413	133	99	957	5	0
414	134	0	2052	1	0
415	134	1	2053	2	0
416	135	1	2103	1	0
417	136	0	2062	1	0
418	136	1	2063	2	0
419	136	2	1853	3	0
420	137	0	2050	1	0
421	137	1	2051	2	0
422	138	0	1977	1	0
423	138	1	1978	2	0
424	139	0	1785	1	0
425	139	1	1786	2	0
426	140	0	2089	1	0
427	140	1	2090	2	0
428	140	2	2091	3	0
429	140	3	2092	4	0
430	141	1	1124	1	0
431	141	2	1614	2	0
432	142	0	2066	1	0
433	142	1	2067	2	0
434	143	1	145	1	0
435	143	2	146	2	0
436	144	0	1946	1	0
437	144	1	1947	2	0
438	145	0	2083	1	0
439	145	1	2084	2	0
440	146	1	159	1	0
441	146	2	160	2	0
442	146	3	805	3	0
443	147	0	2009	1	0
444	147	1	2012	2	0
445	147	2	2013	3	0
446	147	5	2014	4	0
447	148	1	3232	1	0
448	148	2	3233	2	0
449	148	3	3234	3	0
450	149	0	3235	1	0
451	149	1	3236	2	0
452	150	0	2078	1	0
453	150	1	2079	2	0
454	151	0	1833	1	0
455	151	1	1834	2	0
456	152	10	1767	1	0
457	152	15	1768	2	0
458	152	20	1769	3	0
459	152	25	1770	4	0
460	152	30	1771	5	0
461	152	35	1772	6	0
462	152	40	1773	7	0
463	152	45	1774	8	0
464	152	50	882	9	0
465	152	55	883	10	0
466	152	90	1776	11	0
467	152	99	957	12	0
468	153	0	1757	1	0
469	153	1	1756	2	0
470	154	0	1819	1	0
471	154	1	1821	2	0
472	155	0	1829	1	0
473	155	1	1830	2	0
474	156	0	1819	1	0
475	156	1	1822	2	0
476	157	0	1987	1	0
477	157	2	1988	2	0
478	157	3	1989	3	0
479	157	4	1990	4	0
480	157	5	1991	5	0
481	157	6	1992	6	0
482	158	0	3323	1	0
483	158	1	3322	2	0
484	159	0	1835	1	0
485	159	1	1836	2	0
486	160	0	1825	1	0
487	160	1	1826	2	0
488	160	2	1827	3	0
489	160	3	1828	4	0
490	161	0	1853	1	0
491	161	1	1854	2	0
492	162	0	1787	1	0
493	162	1	1788	2	0
494	163	0	1823	1	0
495	163	1	1824	2	0
496	164	0	3237	1	0
497	164	1	3238	2	0
498	164	2	3239	3	0
499	165	0	3240	1	0
500	165	1	3241	2	0
501	166	0	1789	1	0
502	166	1	1790	2	0
503	167	0	3242	1	0
504	167	1	3243	2	0
505	168	0	3244	1	0
506	168	1	3245	2	0
507	169	0	1815	1	0
508	169	1	1814	2	0
509	170	0	1954	1	0
510	170	1	1810	2	0
511	171	0	1817	1	0
512	171	1	1816	2	0
513	172	0	1753	1	0
514	172	1	1752	2	0
515	173	0	1869	1	0
516	173	1	1870	2	0
517	174	0	1815	1	0
518	174	1	1814	2	0
519	175	0	1753	1	0
520	175	1	1752	2	0
521	176	0	1859	1	0
522	176	1	1860	2	0
523	177	1	1907	1	0
524	177	2	1908	2	0
525	178	1	1791	1	0
526	178	2	1902	2	0
527	178	3	1903	3	0
528	178	4	1904	4	0
529	178	5	1905	5	0
530	178	6	1906	6	0
531	179	base	1913	1	0
532	179	wms	1914	2	0
533	179	tsn	3486	3	0
534	180	0	2089	1	0
535	180	1	2109	2	0
536	181	0	387	1	0
537	181	1	443	2	0
538	181	2	1651	3	0
539	182	0	387	1	0
540	182	1	443	2	0
541	183	0	137	1	0
542	183	1	138	2	0
543	183	2	139	3	0
544	184	center	1934	1	0
545	184	left	1932	2	0
546	184	right	1933	3	0
547	185	0	3246	1	0
548	185	1	3247	2	0
549	186	1	2124	1	0
550	186	2	2125	2	0
551	187	0	1819	1	0
552	187	1	2041	2	0
553	188	0	1819	1	1
554	188	1	1812	2	0
555	189	0	2080	1	0
556	189	1	2081	2	0
557	190	0	1881	1	0
558	190	1	1882	2	0
559	190	2	1875	3	0
560	191	0	1873	1	0
561	191	1	1874	2	0
562	191	2	1875	3	0
563	192	tAmazonOrder	2370	1	0
564	192	tRakutenOrder	2364	2	0
565	192	tYahooOrder	2371	3	0
566	193	0	2598	1	0
567	193	1	2599	2	0
568	194	0	1755	1	0
569	194	1	1754	2	0
570	195	0	1755	1	0
571	195	1	1754	2	0
572	196	0	1751	1	0
573	196	1	1750	2	0
574	197	0	1970	1	0
575	197	1	1971	2	0
576	198	0	2418	1	0
577	198	1	2419	2	0
578	199	0010	1808	1	0
579	199	0017	1809	2	0
580	199	0812	1800	3	0
581	199	1214	1801	4	0
582	199	1416	1802	5	0
583	199	1618	1803	6	0
584	199	1820	1804	7	0
585	199	1921	1806	8	0
586	199	2021	1807	9	0
587	200	00	2110	1	0
588	200	51	1800	2	0
589	200	52	1801	3	0
590	200	53	1802	4	0
591	200	54	1803	5	0
592	200	55	1804	6	0
593	200	56	1807	7	0
594	201	0	1871	1	0
595	201	1	1872	2	0
596	202	1	3337	1	0
597	202	2	3338	2	0
598	202	4	3339	3	0
599	202	8	3340	4	0
600	203	0	2686	1	0
601	203	1	2687	2	0
602	204	0	1796	1	0
603	204	1	1797	2	0
604	205	0	3114	1	0
605	205	1	3113	2	0
606	206	0	2686	1	0
607	206	1	2687	2	0
608	207	0	2686	1	0
609	207	1	2687	2	0
610	208	0	3004	1	0
611	208	1	3005	2	0
612	209	0	3114	1	0
613	209	1	3113	2	0
614	210	0	2684	1	0
615	210	1	2685	2	0
616	211	0	2682	1	0
617	211	1	2683	2	0
618	212	0	3114	1	0
619	212	1	3113	2	0
620	213	0	2686	1	0
621	213	1	2687	2	0
622	214	0	3114	1	0
623	214	1	3113	2	0
624	215	0	3114	1	0
625	215	1	3113	2	0
626	216	01	3009	1	0
627	216	02	3010	2	0
628	216	03	3011	3	0
629	216	04	3012	4	0
630	216	05	3013	5	0
631	216	06	3014	6	0
632	216	07	3015	7	0
633	216	08	3016	8	0
634	216	09	3017	9	0
635	216	10	3018	10	0
636	216	11	3019	11	0
637	216	12	3020	12	0
638	216	13	3021	13	0
639	216	14	3022	14	0
640	216	15	3023	15	0
641	216	16	3024	16	0
642	216	17	3025	17	0
643	216	18	3026	18	0
644	217	0	3114	1	0
645	217	1	3113	2	0
646	218	0	3114	1	0
647	218	1	3113	2	0
648	219	0	3114	1	0
649	219	1	3113	2	0
650	220	0	3114	1	0
651	220	1	3113	2	0
652	221	0	3114	1	0
653	221	1	3113	2	0
654	222	0	2089	1	0
655	222	1	2092	2	0
656	223	0	3114	1	0
657	223	1	3113	2	0
658	224	0	3114	1	0
659	224	1	3113	2	0
660	225	0	3114	1	0
661	225	1	3113	2	0
662	226	0	3114	1	0
663	226	1	3113	2	0
664	227	0	3114	1	0
665	227	1	3113	2	0
666	228	0	3114	1	0
667	228	1	3113	2	0
668	229	0	3114	1	0
669	229	1	3113	2	0
670	230	0	3006	1	0
671	230	1	3007	2	0
672	231	3PL	2980	1	0
673	231	CO1	2978	2	0
674	231	CO2	2979	3	0
675	231	COL	2977	4	0
676	231	PPB	2976	5	0
677	231	PPD	2975	6	0
678	232	0	2582	1	0
679	232	1	1155	2	0
680	233	0	3114	1	0
681	233	1	3113	2	0
682	234	1	2553	1	0
683	234	2	3300	2	0
684	234	3	3301	3	0
685	234	4	1591	4	0
686	234	5	3302	5	0
687	234	6	2575	6	0
688	235	0	3114	1	0
689	235	1	3113	2	0
690	236	0	3114	1	0
691	236	1	3113	2	0
692	237	0	3114	1	0
693	237	1	3113	2	0
694	238	0	2686	1	0
695	238	1	2687	2	0
696	239	0	3114	1	0
697	239	1	3113	2	0
698	240	0	3114	1	0
699	240	1	3113	2	0
700	241	0	3346	1	0
701	241	1	3347	2	0
702	242	0	1867	1	0
703	242	1	1868	2	0
704	243	01	1856	1	0
705	243	02	1893	2	0
706	243	03	1895	3	0
707	244	100	3487	1	0
708	244	500	3488	2	0
709	245	111	3489	1	0
710	245	112	3490	2	0
711	245	113	3491	3	0
712	245	151	3492	4	0
713	245	211	3493	5	0
714	245	212	3494	6	0
715	245	251	3495	7	0
716	245	252	3496	8	0
717	245	261	3497	9	0
718	245	271	3498	10	0
719	245	280	3499	11	0
720	245	281	3500	12	0
721	245	282	3501	13	0
722	245	283	3502	14	0
723	245	284	3503	15	0
724	245	285	3504	16	0
725	245	286	3505	17	0
726	245	287	3506	18	0
727	245	291	3507	19	0
728	245	292	3508	20	0
729	245	293	3509	21	0
730	245	294	3510	22	0
731	245	LNE	3511	23	0
732	245	RCK	3512	24	0
733	245	BLK	3513	25	0
734	245	RTT	3514	26	0
735	245	RCV	3515	27	0
736	245	ETC	2002	28	0
737	246	01	3516	1	0
738	246	02	3517	2	0
739	246	03	3518	3	0
740	246	04	3519	4	0
741	246	05	3520	5	0
742	246	06	3521	6	0
743	246	07	3522	7	0
744	246	09	3523	8	0
745	246	10	3524	9	0
746	246	11	3515	10	0
747	246	12	4758	11	0
748	246	13	4795	12	0
749	246	14	4856	13	0
750	247	RV	1863	1	0
751	247	SO	3525	2	0
752	247	SOFULL	3526	3	0
753	247	MV	3527	4	0
754	247	CT	3528	5	0
755	247	PI	3529	6	0
756	247	TI	3530	7	0
757	247	DC	3531	8	0
758	247	PS	3532	9	0
759	247	SC	3533	10	0
760	247	JS	3534	11	0
761	247	PM	3535	12	0
762	247	EX	3428	13	0
763	247	IM	3536	14	0
764	247	SN	3537	15	0
765	247	AS	3538	16	0
766	247	NS	3392	17	0
767	248	0	3539	1	0
768	248	1	3540	2	0
769	249	0	3541	1	0
770	249	1	3542	2	0
771	249	2	3543	3	0
772	250	11	3544	1	0
773	250	31	3545	2	0
774	251	11	3544	1	0
775	251	31	3545	2	0
776	252	0	3546	1	0
777	252	1	3547	2	0
778	252	2	3548	3	0
779	252	3	3549	4	0
780	252	4	3550	5	0
781	253	1	3551	1	0
782	253	2	3552	2	0
783	253	3	3553	3	0
784	253	4	3554	4	0
785	253	5	3555	5	0
786	253	6	826	6	0
787	253	7	3556	7	0
788	254	0	3559	1	0
789	254	1	3560	2	0
790	254	2	3561	3	0
791	255	1	3562	1	0
792	255	2	3563	2	0
793	256	1	3564	1	0
794	256	2	3565	2	0
795	256	3	3566	3	0
796	256	4	3567	4	0
797	257	03	3568	1	0
798	257	04	3569	2	0
799	257	05	3570	3	0
800	257	06	3571	4	0
801	257	07	3572	5	0
802	257	08	3573	6	0
803	257	09	3574	7	0
804	257	10	3575	8	0
805	257	11	3576	9	0
806	257	13	3577	10	0
807	257	20	3578	11	0
808	257	21	3579	12	0
809	257	30	3580	13	0
810	257	39	3580	14	0
811	257	40	3581	15	0
812	257	41	3582	16	0
813	257	48	3583	17	0
814	257	49	3584	18	0
815	257	80	3585	19	0
816	257	K1	3586	20	0
817	257	K2	3587	21	0
818	257	K3	3588	22	0
819	257	K4	3589	23	0
820	258	0	3590	1	0
821	258	1	3591	2	0
822	258	2	3592	3	0
823	259	DE	3593	1	0
824	260	01	3594	1	0
825	260	02	1864	2	0
826	260	03	1864	3	0
827	260	04	1864	4	0
828	260	05	3595	5	0
829	260	80	3596	6	0
830	260	81	3531	7	0
831	260	96	3597	8	0
832	260	97	3598	9	0
833	260	98	3599	10	0
834	260	99	2002	11	0
835	261	0	3600	1	0
836	261	1	3601	2	0
837	262	1	3602	1	0
838	262	2	3603	2	0
839	262	3	3604	3	0
840	262	4	2002	4	0
841	263	0	3607	1	0
842	263	1	3608	2	0
843	263	2	3609	3	0
844	264	1	3610	1	0
845	264	2	3611	2	0
846	264	3	3612	3	0
847	264	4	3613	4	0
848	264	5	3614	5	0
849	264	6	3615	6	0
850	264	7	2002	7	0
851	265	2001	3616	1	0
852	265	2002	3617	2	0
853	265	2003	3618	3	0
854	265	2004	3619	4	0
855	265	2005	3620	5	0
856	265	2006	3621	6	0
857	265	2007	3622	7	0
858	265	2008	3623	8	0
859	265	2009	3173	9	0
860	265	2010	3624	10	0
861	265	2011	3616	11	0
862	265	2012	3617	12	0
863	265	2013	3618	13	0
864	265	2014	3619	14	0
865	265	2015	3620	15	0
866	265	2016	3621	16	0
867	265	2017	3622	17	0
868	265	2018	3623	18	0
869	265	2019	3173	19	0
870	265	2020	3624	20	0
871	265	2021	3616	21	0
872	265	2022	3617	22	0
873	265	2023	3618	23	0
874	265	2024	3619	24	0
875	265	2025	3620	25	0
876	265	2026	3621	26	0
877	265	2027	3622	27	0
878	265	2028	3623	28	0
879	265	2029	3173	29	0
880	265	2030	3624	30	0
881	265	2031	3616	31	0
882	265	2032	3617	32	0
883	265	2033	3618	33	0
884	265	2034	3619	34	0
885	265	2035	3620	35	0
886	265	2036	3621	36	0
887	265	2037	3622	37	0
888	265	2038	3623	38	0
889	265	2039	3173	39	0
890	265	2040	3624	40	0
891	266	2001	3625	1	0
892	266	2002	3626	2	0
893	266	2003	3162	3	0
894	266	2004	3627	4	0
895	266	2005	3628	5	0
896	266	2006	3629	6	0
897	266	2007	3630	7	0
898	266	2008	3631	8	0
899	266	2009	3632	9	0
900	266	2010	3633	10	0
901	266	2011	3625	11	0
902	266	2012	3626	12	0
903	266	2013	3162	13	0
904	266	2014	3627	14	0
905	266	2015	3628	15	0
906	266	2016	3629	16	0
907	266	2017	3630	17	0
908	266	2018	3631	18	0
909	266	2019	3632	19	0
910	266	2020	3633	20	0
911	266	2021	3625	21	0
912	266	2022	3626	22	0
913	266	2023	3162	23	0
914	266	2024	3627	24	0
915	266	2025	3628	25	0
916	266	2026	3629	26	0
917	266	2027	3630	27	0
918	266	2028	3631	28	0
919	266	2029	3632	29	0
920	266	2030	3633	30	0
921	266	2031	3625	31	0
922	266	2032	3626	32	0
923	266	2033	3162	33	0
924	266	2034	3627	34	0
925	266	2035	3628	35	0
926	266	2036	3629	36	0
927	266	2037	3630	37	0
928	266	2038	3631	38	0
929	266	2039	3632	39	0
930	266	2040	3633	40	0
931	267	01	1552	1	0
932	267	02	1553	2	0
933	267	03	1554	3	0
934	267	04	1555	4	0
935	267	05	1556	5	0
936	267	06	1557	6	0
937	267	07	4912	7	0
938	267	08	3634	8	0
939	267	09	3635	9	0
940	267	10	3636	10	0
941	267	11	3637	11	0
942	267	12	3638	12	0
943	268	1	3632	1	0
944	269	1	3626	1	0
945	270	SG408R	3639	1	0
946	270	PT408e	3640	2	0
947	271	2020	3641	1	0
948	271	2060	3642	2	0
949	271	3010	3643	3	0
950	271	3510	3644	4	0
951	271	4021	3645	5	0
952	271	4031	3646	6	0
953	271	4081	3647	7	0
954	271	5011	3648	8	0
955	271	5020	3649	9	0
956	271	5050	3650	10	0
957	271	5060	3651	11	0
958	271	8021	3652	12	0
959	271	8022	3653	13	0
960	271	8023	3654	14	0
961	271	8024	3655	15	0
962	271	8025	3656	16	0
963	271	8054	3657	17	0
964	271	8055	3658	18	0
965	271	8056	3659	19	0
966	271	8057	3660	20	0
967	271	8058	3661	21	0
968	272	01  	3662	1	0
969	272	02  	3663	2	0
970	272	03  	3664	3	0
971	272	04  	3665	4	0
972	272	05  	3666	5	0
973	272	06  	3667	6	0
974	272	11  	3668	7	0
975	272	12  	3669	8	0
976	272	13  	3670	9	0
977	272	14  	3671	10	0
978	272	15  	3672	11	0
979	272	20  	3673	12	0
980	272	30  	3674	13	0
981	272	99  	2002	14	0
982	273	tsnH_ReceivePlanREPORT4	3675	1	0
983	273	tsnH_PalletLabelREPORT2	3676	2	0
984	273	tsnH_InventoryREPORT2	3677	3	0
985	273	tsnH_InvDifREPORT2	3678	4	0
986	273	tsnH_InvListREPORT	3679	5	0
987	273	tsnH_ALCENTRYREPORT2	3680	6	0
988	273	tsnH_SOListREPORT2	3681	7	0
989	273	tsnH_SOListREPORT1	3682	8	0
990	273	tsnH_SOListREPORT6	826	9	0
991	273	tsnH_SOListREPORT5	3555	10	0
992	273	tsnH_SOListREPORT3	3553	11	0
993	273	tsnH_SOListREPORT4	3554	12	0
994	273	tsnH_SOListREPORT7	3556	13	0
995	273	tsnH_TaxationProdAdjustReport	3683	14	0
996	273	tsnH_SOCANCELPICKREPORT2	3684	15	0
997	273	tsnH_SOCANCELPICKREPORT1	3685	16	0
998	273	tsnH_SODivListREPORT	3557	17	0
999	273	tsnH_SODivPalletREPORT	3558	18	0
1000	273	tsnH_MvInventoryREPORT2	3686	19	0
1001	273	tsnH_ImportedProdAdjustReport	3687	20	0
1002	274	0	3688	1	0
1003	274	1	1819	2	0
1004	275	01	3689	1	0
1005	276	01	3690	1	0
1006	276	02	3691	2	0
1007	276	03	3692	3	0
1008	276	04	3693	4	0
1009	276	05	3694	5	0
1010	276	06	3695	6	0
1011	277	1006	3696	1	0
1012	277	3001	3697	2	0
1013	277	3002	3698	3	0
1014	277	3003	3699	4	0
1015	277	3004	3700	5	0
1016	277	3005	3701	6	0
1017	277	3006	3701	7	0
1018	277	3007	3696	8	0
1019	277	3012	3702	9	0
1020	277	3013	3703	10	0
1021	277	3014	3704	11	0
1022	277	3020	3697	12	0
1023	277	3050	3698	13	0
1024	277	3030	3700	14	0
1025	277	4024	3699	15	0
1026	277	4027	3704	16	0
1027	277	4052	3696	17	0
1028	277	4076	3701	18	0
1029	277	4077	3702	19	0
1030	277	4078	3703	20	0
1031	277	4079	3705	21	0
1032	277	4070	3706	22	0
1033	277	4084	3707	23	0
1034	277	4085	3708	24	0
1035	277	4044	3709	25	0
1036	277	4086	3710	26	0
1037	277	4087	3711	27	0
1038	277	4089	3712	28	0
1039	277	4090	3713	29	0
1040	277	4091	3714	30	0
1041	277	4116	3715	31	0
1042	277	4120	3716	32	0
1043	278	8351	3717	1	0
1044	278	8075	3718	2	0
1045	278	8036	3719	3	0
1046	278	8037	3720	4	0
1047	278	8002	3721	5	0
1048	278	8004	3722	6	0
1049	278	8005	3723	7	0
1050	278	8006	3724	8	0
1051	278	8034	3725	9	0
1052	278	8009	3726	10	0
1053	278	8356	3727	11	0
1054	278	8352	3728	12	0
1055	278	8357	3729	13	0
1056	278	8044	3730	14	0
1057	278	8039	3731	15	0
1058	278	8077	3732	16	0
1059	278	8012	3733	17	0
1060	278	8045	3734	18	0
1061	278	8011	3735	19	0
1062	278	8355	3736	20	0
1063	278	8067	3737	21	0
1064	278	8016	3738	22	0
1065	278	8018	3739	23	0
1066	278	8017	3740	24	0
1067	278	8019	3741	25	0
1068	278	8020	3742	26	0
1069	278	8318	3743	27	0
1070	278	8042	3744	28	0
1071	278	8025	3745	29	0
1072	278	8027	3746	30	0
1073	278	8499	3747	31	0
1074	278	8359	3748	32	0
1075	278	8460	3749	33	0
1076	278	8010	3750	34	0
1077	279	ADJ	3751	1	0
1078	279	AMDFY	3752	2	0
1079	279	ITRNS	3753	3	0
1080	279	MDFY	3754	4	0
1081	279	RCV	159	5	0
1082	279	SO	160	6	0
1083	279	THROU	3755	7	0
1084	279	TRANS	3756	8	0
1085	279	VTRNS	3757	9	0
1086	279	WMOVE	3571	10	0
1087	279	WMRCV	3758	11	0
1088	279	WMSO	3759	12	0
1089	279	SHIFT	3760	13	0
1090	280	1	3761	1	0
1091	281	TDPA2010	3762	1	0
1092	281	TDPA201A	3763	2	0
1093	281	TDPA2020	3764	3	0
1094	281	TDPA202A	3765	4	0
1095	281	TDPB5010	3766	5	0
1096	281	TDPB501A	3767	6	0
1097	281	TDPB5020	3768	7	0
1098	281	TDPB502A	3769	8	0
1099	282	01	3625	1	0
1100	283	0	3773	1	0
1101	283	1	3774	2	0
1102	283	2	3775	3	0
1103	284	0	3773	1	0
1104	284	1	3774	2	0
1105	285	0	3770	1	0
1106	285	1	3771	2	0
1107	286	0	3776	1	0
1108	286	1	3777	2	0
1109	286	2	3778	3	0
1110	286	8	3779	4	0
1111	286	9	3780	5	0
1112	287	0	3776	1	0
1113	287	1	3781	2	0
1114	288	50	3782	1	0
1115	288	51	3783	2	0
1116	288	52	3599	3	0
1117	288	53	3784	4	0
1118	288	54	3525	5	0
1119	288	55	3785	6	0
1120	288	56	3538	7	0
1121	288	57	3786	8	0
1122	288	58	3787	9	0
1123	288	59	3788	10	0
1124	288	60	3789	11	0
1125	288	61	3589	12	0
1126	289	0	3776	1	0
1127	289	1	3781	2	0
1128	290	A101	3790	1	0
1129	290	A201	3791	2	0
1130	291	7010	3792	1	0
1131	291	7020	3793	2	0
1132	292	0	3794	1	0
1133	292	1	3795	2	0
1134	292	2	3796	3	0
1135	293	MIL	3797	1	0
1136	294	0	3798	1	0
1137	294	1	3799	2	0
1138	295	BA01	3800	1	0
1139	295	BA02	3801	2	0
1140	295	BA03	3802	3	0
1141	296	QA	3803	1	0
1142	296	QB	3804	2	0
1143	296	QC	3805	3	0
1144	296	QD	3806	4	0
1145	296	QE	3807	5	0
1146	296	QF	3808	6	0
1147	296	QG	3809	7	0
1148	296	QH	3810	8	0
1149	296	QI	3811	9	0
1150	296	QJ	3812	10	0
1151	296	QK	3813	11	0
1152	296	QL	3814	12	0
1153	296	RA	3815	13	0
1154	296	RB	3816	14	0
1155	296	RC	3817	15	0
1156	296	RD	4913	16	0
1157	296	RE	3818	17	0
1158	296	RF	3819	18	0
1159	296	RG	3820	19	0
1160	296	RH	3821	20	0
1161	296	RI	3822	21	0
1162	296	RJ	3823	22	0
1163	296	RK	3824	23	0
1164	296	RL	3825	24	0
1165	296	SA	3826	25	0
1166	296	SB	3827	26	0
1167	296	SC	3828	27	0
1168	296	SD	3829	28	0
1169	296	SE	3830	29	0
1170	296	SF	3831	30	0
1171	296	SG	3832	31	0
1172	296	SH	3833	32	0
1173	296	SI	3834	33	0
1174	296	SJ	3835	34	0
1175	296	SK	3836	35	0
1176	296	SL	3837	36	0
1177	296	TA	3838	37	0
1178	296	TB	3839	38	0
1179	296	TC	3503	39	0
1180	296	TD	3504	40	0
1181	296	TE	3840	41	0
1182	296	TF	3841	42	0
1183	296	TG	3842	43	0
1184	296	TH	3843	44	0
1185	296	TI	3844	45	0
1186	296	TJ	3845	46	0
1187	296	TK	3846	47	0
1188	296	TL	3847	48	0
1189	296	UA	3848	49	0
1190	296	UB	3849	50	0
1191	296	UC	3850	51	0
1192	296	UD	3851	52	0
1193	296	UE	3852	53	0
1194	296	UF	3853	54	0
1195	296	UG	3854	55	0
1196	296	UH	3855	56	0
1197	296	UI	3856	57	0
1198	296	UJ	3857	58	0
1199	296	UK	3858	59	0
1200	296	UL	3859	60	0
1201	296	VA	3860	61	0
1202	296	VB	3861	62	0
1203	296	VC	3862	63	0
1204	296	VD	3863	64	0
1205	296	VE	3864	65	0
1206	296	VF	3865	66	0
1207	296	VG	3866	67	0
1208	296	VH	3867	68	0
1209	296	VI	3868	69	0
1210	296	VJ	3869	70	0
1211	296	VK	3870	71	0
1212	296	VL	3871	72	0
1213	296	WA	3872	73	0
1214	296	WB	3873	74	0
1215	296	WC	3874	75	0
1216	296	WD	3875	76	0
1217	296	WE	3876	77	0
1218	296	WF	3877	78	0
1219	296	WG	3878	79	0
1220	296	WH	3879	80	0
1221	296	WI	3880	81	0
1222	296	WJ	3881	82	0
1223	296	WK	3882	83	0
1224	296	WL	3883	84	0
1225	296	XA	3884	85	0
1226	296	XB	3885	86	0
1227	296	XC	3886	87	0
1228	296	XD	3887	88	0
1229	296	XE	3888	89	0
1230	296	XF	3889	90	0
1231	296	XG	3890	91	0
1232	296	XH	3891	92	0
1233	296	XI	3892	93	0
1234	296	XJ	3893	94	0
1235	296	XK	3894	95	0
1236	296	XL	3895	96	0
1237	296	YA	3896	97	0
1238	296	YB	3897	98	0
1239	296	YC	3898	99	0
1240	296	YD	3899	100	0
1241	296	YE	3900	101	0
1242	296	YF	3901	102	0
1243	296	YG	3902	103	0
1244	296	YH	3903	104	0
1245	296	YI	3904	105	0
1246	296	YJ	3905	106	0
1247	296	YK	3906	107	0
1248	296	YL	3907	108	0
1249	296	ZA	3908	109	0
1250	296	ZB	3909	110	0
1251	296	ZC	3910	111	0
1252	296	ZD	3911	112	0
1253	296	ZE	3912	113	0
1254	296	ZF	3913	114	0
1255	296	ZG	3914	115	0
1256	296	ZH	3915	116	0
1257	296	ZI	3916	117	0
1258	296	ZJ	3917	118	0
1259	296	ZK	3918	119	0
1260	296	ZL	3919	120	0
1261	297	8351	3920	1	0
1262	297	8075	3921	2	0
1263	297	8037	3922	3	0
1264	297	8002	3923	4	0
1265	297	8004	3924	5	0
1266	297	8005	3925	6	0
1267	297	8006	3926	7	0
1268	297	8034	3927	8	0
1269	297	8009	3928	9	0
1270	297	8356	3929	10	0
1271	297	8352	3930	11	0
1272	297	8357	3931	12	0
1273	297	8044	3932	13	0
1274	297	8039	3933	14	0
1275	297	8077	3934	15	0
1276	297	8012	3935	16	0
1277	297	8045	3936	17	0
1278	297	8011	3937	18	0
1279	297	8355	3938	19	0
1280	297	8067	3939	20	0
1281	297	8016	3940	21	0
1282	297	8018	3941	22	0
1283	297	8017	3942	23	0
1284	297	8019	3943	24	0
1285	297	8020	3944	25	0
1286	297	8318	3945	26	0
1287	297	8042	3946	27	0
1288	297	8025	3947	28	0
1289	297	8027	3948	29	0
1290	297	8036	3949	30	0
1291	297	8499	3950	31	0
1292	297	8359	3951	32	0
1293	297	8460	3952	33	0
1294	297	8010	3953	34	0
1295	298	8351	3954	1	0
1296	298	8075	3955	2	0
1297	298	8037	3956	3	0
1298	298	8002	3957	4	0
1299	298	8004	3958	5	0
1300	298	8005	3959	6	0
1301	298	8006	3960	7	0
1302	298	8034	3961	8	0
1303	298	8009	3962	9	0
1304	298	8356	3963	10	0
1305	298	8352	3964	11	0
1306	298	8357	3965	12	0
1307	298	8044	3966	13	0
1308	298	8039	3967	14	0
1309	298	8077	3968	15	0
1310	298	8012	3969	16	0
1311	298	8045	3970	17	0
1312	298	8011	3971	18	0
1313	298	8355	3972	19	0
1314	298	8067	3973	20	0
1315	298	8016	3974	21	0
1316	298	8018	3975	22	0
1317	298	8017	3976	23	0
1318	298	8019	3977	24	0
1319	298	8020	3978	25	0
1320	298	8318	3979	26	0
1321	298	8042	3980	27	0
1322	298	8025	3981	28	0
1323	298	8027	3982	29	0
1324	298	8036	3983	30	0
1325	298	8499	3984	31	0
1326	298	8359	3985	32	0
1327	298	8460	3986	33	0
1328	298	8010	3987	34	0
1329	299	8351	3988	1	0
1330	299	8075	3989	2	0
1331	299	8037	3990	3	0
1332	299	8002	3991	4	0
1333	299	8004	3992	5	0
1334	299	8005	3993	6	0
1335	299	8006	3994	7	0
1336	299	8034	3995	8	0
1337	299	8009	3996	9	0
1338	299	8356	3997	10	0
1339	299	8352	3998	11	0
1340	299	8357	3999	12	0
1341	299	8044	4000	13	0
1342	299	8039	4001	14	0
1343	299	8077	4002	15	0
1344	299	8012	4003	16	0
1345	299	8045	4004	17	0
1346	299	8011	4005	18	0
1347	299	8355	4006	19	0
1348	299	8067	4007	20	0
1349	299	8016	4008	21	0
1350	299	8018	4009	22	0
1351	299	8017	4010	23	0
1352	299	8019	4011	24	0
1353	299	8020	4012	25	0
1354	299	8318	4013	26	0
1355	299	8042	4014	27	0
1356	299	8025	4015	28	0
1357	299	8027	4016	29	0
1358	299	8036	4017	30	0
1359	299	8499	4018	31	0
1360	299	8359	4019	32	0
1361	299	8460	4020	33	0
1362	299	8010	4021	34	0
1363	300	8351	4022	1	0
1364	300	8075	4023	2	0
1365	300	8037	4024	3	0
1366	300	8002	4025	4	0
1367	300	8004	4026	5	0
1368	300	8005	4027	6	0
1369	300	8006	4028	7	0
1370	300	8034	4029	8	0
1371	300	8009	4030	9	0
1372	300	8356	4031	10	0
1373	300	8352	4032	11	0
1374	300	8357	4033	12	0
1375	300	8044	4034	13	0
1376	300	8039	4035	14	0
1377	300	8077	4036	15	0
1378	300	8012	4037	16	0
1379	300	8045	4038	17	0
1380	300	8011	4039	18	0
1381	300	8355	4040	19	0
1382	300	8067	4041	20	0
1383	300	8016	4042	21	0
1384	300	8018	4043	22	0
1385	300	8017	4044	23	0
1386	300	8019	4045	24	0
1387	300	8020	4046	25	0
1388	300	8318	4047	26	0
1389	300	8042	4048	27	0
1390	300	8025	4049	28	0
1391	300	8027	4050	29	0
1392	300	8036	4051	30	0
1393	300	8499	4052	31	0
1394	300	8359	4053	32	0
1395	300	8460	4054	33	0
1396	300	8010	4055	34	0
1397	301	1	4056	1	0
1398	301	2	4057	2	0
1399	301	3	4058	3	0
1400	302	0100	4059	1	0
1401	302	0200	3517	2	0
1402	302	0300	4060	3	0
1403	302	04YY	3521	4	0
1404	302	0500	3515	5	0
1405	302	06YY	4061	6	0
1406	302	07YY	4062	7	0
1407	302	0800	4063	8	0
1408	302	0900	4064	9	0
1409	302	1000	4058	10	0
1410	302	1100	4065	11	0
1411	302	1200	4066	12	0
1412	302	1300	4067	13	0
1413	302	1400	4068	14	0
1414	302	1500	4069	15	0
1415	302	1600	4070	16	0
1416	302	1700	4914	17	0
1417	302	1800	4071	18	0
1418	302	1900	4072	19	0
1419	302	2000	4073	20	0
1420	302	2100	4074	21	0
1421	302	2200	4075	22	0
1422	302	2300	4076	23	0
1423	302	2400	4077	24	0
1424	302	2500	4078	25	0
1425	302	2600	4079	26	0
1426	302	2700	4080	27	0
1427	302	2800	4081	28	0
1428	302	2900	4082	29	0
1429	303	0	1796	1	0
1430	303	1	1797	2	0
1431	304	8351	4083	1	0
1432	304	8075	4084	2	0
1433	304	8037	4085	3	0
1434	304	8002	4086	4	0
1435	304	8004	4087	5	0
1436	304	8005	4088	6	0
1437	304	8006	4089	7	0
1438	304	8034	4090	8	0
1439	304	8009	4091	9	0
1440	304	8356	4092	10	0
1441	304	8352	4093	11	0
1442	304	8357	4094	12	0
1443	304	8044	4095	13	0
1444	304	8039	4096	14	0
1445	304	8077	4097	15	0
1446	304	8012	4098	16	0
1447	304	8045	4099	17	0
1448	304	8011	4100	18	0
1449	304	8355	4101	19	0
1450	304	8067	4102	20	0
1451	304	8016	4103	21	0
1452	304	8018	4104	22	0
1453	304	8017	4105	23	0
1454	304	8019	4106	24	0
1455	304	8020	4107	25	0
1456	304	8318	4108	26	0
1457	304	8042	4109	27	0
1458	304	8025	4110	28	0
1459	304	8027	4111	29	0
1460	304	8036	4112	30	0
1461	304	8499	4113	31	0
1462	304	8359	4114	32	0
1463	304	8460	4115	33	0
1464	304	8010	4116	34	0
1465	305	8351	4117	1	0
1466	305	8075	4118	2	0
1467	305	8037	4119	3	0
1468	305	8002	4120	4	0
1469	305	8004	4121	5	0
1470	305	8005	4122	6	0
1471	305	8006	4123	7	0
1472	305	8034	4124	8	0
1473	305	8009	4125	9	0
1474	305	8356	4126	10	0
1475	305	8352	4127	11	0
1476	305	8357	4128	12	0
1477	305	8044	4129	13	0
1478	305	8039	4130	14	0
1479	305	8077	4131	15	0
1480	305	8012	4132	16	0
1481	305	8045	4133	17	0
1482	305	8011	4134	18	0
1483	305	8355	4135	19	0
1484	305	8067	4136	20	0
1485	305	8016	4137	21	0
1486	305	8018	4138	22	0
1487	305	8017	4139	23	0
1488	305	8019	4140	24	0
1489	305	8020	4141	25	0
1490	305	8318	4142	26	0
1491	305	8042	4143	27	0
1492	305	8025	4144	28	0
1493	305	8027	4145	29	0
1494	305	8036	4146	30	0
1495	305	8499	4147	31	0
1496	305	8359	4148	32	0
1497	305	8460	4149	33	0
1498	305	8010	4150	34	0
1499	306	8351	4151	1	0
1500	306	8075	4152	2	0
1501	306	8037	4153	3	0
1502	306	8002	4154	4	0
1503	306	8004	4155	5	0
1504	306	8005	4156	6	0
1505	306	8006	4157	7	0
1506	306	8034	4158	8	0
1507	306	8009	4159	9	0
1508	306	8356	4160	10	0
1509	306	8352	4161	11	0
1510	306	8357	4162	12	0
1511	306	8044	4163	13	0
1512	306	8039	4164	14	0
1513	306	8077	4165	15	0
1514	306	8012	4166	16	0
1515	306	8045	4167	17	0
1516	306	8011	4168	18	0
1517	306	8355	4169	19	0
1518	306	8067	4170	20	0
1519	306	8016	4171	21	0
1520	306	8018	4172	22	0
1521	306	8017	4173	23	0
1522	306	8019	4174	24	0
1523	306	8020	4175	25	0
1524	306	8318	4176	26	0
1525	306	8042	4177	27	0
1526	306	8025	4178	28	0
1527	306	8027	4179	29	0
1528	306	8036	4180	30	0
1529	306	8499	4181	31	0
1530	306	8359	4182	32	0
1531	306	8460	4183	33	0
1532	306	8010	4184	34	0
1533	307	8351	4185	1	0
1534	307	8075	4186	2	0
1535	307	8037	4187	3	0
1536	307	8002	4188	4	0
1537	307	8004	4189	5	0
1538	307	8005	4190	6	0
1539	307	8006	4191	7	0
1540	307	8034	4192	8	0
1541	307	8009	4193	9	0
1542	307	8356	4194	10	0
1543	307	8352	4195	11	0
1544	307	8357	4196	12	0
1545	307	8044	4197	13	0
1546	307	8039	4198	14	0
1547	307	8077	4199	15	0
1548	307	8012	4200	16	0
1549	307	8045	4201	17	0
1550	307	8011	4202	18	0
1551	307	8355	4203	19	0
1552	307	8067	4204	20	0
1553	307	8016	4205	21	0
1554	307	8018	4206	22	0
1555	307	8017	4207	23	0
1556	307	8019	4208	24	0
1557	307	8020	4209	25	0
1558	307	8318	4210	26	0
1559	307	8042	4211	27	0
1560	307	8025	4212	28	0
1561	307	8027	4213	29	0
1562	307	8036	4214	30	0
1563	307	8499	4215	31	0
1564	307	8359	4216	32	0
1565	307	8460	4217	33	0
1566	307	8010	4218	34	0
1567	308	MONTH	4219	1	0
1568	309	0	4220	1	0
1569	309	1	4065	2	0
1570	310	01	4221	1	0
1571	310	02	4222	2	0
1572	310	03	4223	3	0
1573	311	0	4224	1	0
1574	311	1	1833	2	0
1575	311	3	4225	3	0
1576	311	4	4226	4	0
1577	311	5	4067	5	0
1578	311	9	4227	6	0
1579	312	00	3517	1	0
1580	312	10	4061	2	0
1581	312	20	3521	3	0
1582	312	21	4228	4	0
1583	312	25	4229	5	0
1584	312	30	3515	6	0
1585	312	35	4230	7	0
1586	313	X000	3517	1	0
1587	313	X100	4231	2	0
1588	313	X2YY	4232	3	0
1589	313	X3YY	4062	4	0
1590	313	X4YY	4233	5	0
1591	313	X5YY	4234	6	0
1592	313	X6YY	4235	7	0
1593	313	X7YY	4236	8	0
1594	313	X800	3528	9	0
1595	314	0	3776	1	0
1596	314	1	4237	2	0
1597	314	2	3778	3	0
1598	314	9	3780	4	0
1599	315	0	4238	1	0
1600	315	1	4239	2	0
1601	315	2	4240	3	0
1602	315	3	4241	4	0
1603	315	4	4242	5	0
1604	315	5	4243	6	0
1605	315	8	2686	7	0
1606	315	9	3795	8	0
1607	316	1	4244	1	0
1608	316	2	4245	2	0
1609	316	3	2670	3	0
1610	317	L1	4246	1	0
1611	317	L2	4247	2	0
1612	317	L3	4248	3	0
1613	317	L4	4249	4	0
1614	317	L5	4250	5	0
1615	317	L6	4251	6	0
1616	317	L7	4252	7	0
1617	317	L8	4253	8	0
1618	317	L9	4254	9	0
1619	317	B1	4255	10	0
1620	317	B2	2117	11	0
1621	317	B3	4256	12	0
1622	317	B4	4257	13	0
1623	317	B5	4258	14	0
1624	317	B6	4259	15	0
1625	317	B7	4260	16	0
1626	317	B8	4261	17	0
1627	317	B9	4262	18	0
1628	317	9903	3515	19	0
1629	318	8351	4263	1	0
1630	318	8075	4264	2	0
1631	318	8037	4265	3	0
1632	318	8002	4266	4	0
1633	318	8004	4267	5	0
1634	318	8005	4268	6	0
1635	318	8006	4269	7	0
1636	318	8034	4270	8	0
1637	318	8009	4271	9	0
1638	318	8356	4272	10	0
1639	318	8352	4273	11	0
1640	318	8357	4274	12	0
1641	318	8044	4275	13	0
1642	318	8039	4276	14	0
1643	318	8077	4277	15	0
1644	318	8012	4278	16	0
1645	318	8045	4279	17	0
1646	318	8011	4280	18	0
1647	318	8355	4281	19	0
1648	318	8067	4282	20	0
1649	318	8016	4283	21	0
1650	318	8018	4284	22	0
1651	318	8017	4285	23	0
1652	318	8019	4286	24	0
1653	318	8020	4287	25	0
1654	318	8318	4288	26	0
1655	318	8042	4289	27	0
1656	318	8025	4290	28	0
1657	318	8027	4291	29	0
1658	318	8036	4292	30	0
1659	318	8499	4293	31	0
1660	318	8359	4294	32	0
1661	318	8460	4295	33	0
1662	318	8010	4296	34	0
1663	319	8351	4297	1	0
1664	319	8075	4298	2	0
1665	319	8037	4299	3	0
1666	319	8002	4300	4	0
1667	319	8004	4301	5	0
1668	319	8005	4302	6	0
1669	319	8006	4303	7	0
1670	319	8034	4304	8	0
1671	319	8009	4305	9	0
1672	319	8356	4306	10	0
1673	319	8352	4307	11	0
1674	319	8357	4308	12	0
1675	319	8044	4309	13	0
1676	319	8039	4310	14	0
1677	319	8077	4311	15	0
1678	319	8012	4312	16	0
1679	319	8045	4313	17	0
1680	319	8011	4314	18	0
1681	319	8355	4315	19	0
1682	319	8067	4316	20	0
1683	319	8016	4317	21	0
1684	319	8018	4318	22	0
1685	319	8017	4319	23	0
1686	319	8019	4320	24	0
1687	319	8020	4321	25	0
1688	319	8318	4322	26	0
1689	319	8042	4323	27	0
1690	319	8025	4324	28	0
1691	319	8027	4325	29	0
1692	319	8036	4326	30	0
1693	319	8499	4327	31	0
1694	319	8359	4328	32	0
1695	319	8460	4329	33	0
1696	319	8010	4330	34	0
1697	320	2020	3641	1	0
1698	320	2060	3642	2	0
1699	320	3010	3643	3	0
1700	320	3510	4331	4	0
1701	320	4021	3645	5	0
1702	320	4031	3646	6	0
1703	320	4081	3647	7	0
1704	320	5011	3648	8	0
1705	320	5020	3649	9	0
1706	320	5050	3650	10	0
1707	320	5060	3651	11	0
1708	320	8021	3652	12	0
1709	320	8022	3653	13	0
1710	320	8023	3654	14	0
1711	320	8024	3655	15	0
1712	320	8025	3656	16	0
1713	320	8054	3657	17	0
1714	320	8055	3658	18	0
1715	320	8056	3659	19	0
1716	320	8057	3660	20	0
1717	320	8058	3661	21	0
1718	321	1	4332	1	0
1719	321	2	4333	2	0
1720	322	A000	4334	1	0
1721	322	0001	4335	2	0
1722	322	0000	4336	3	0
1723	323	0	4337	1	0
1724	323	1	4338	2	0
1725	324	0	1813	1	0
1726	324	1	2043	2	0
1727	325	0	1796	1	0
1728	325	1	1797	2	0
1729	325	2	4339	3	0
1730	326	HK001L01	28	1	0
1731	326	HK003L01	28	2	0
1732	326	HN002L01	4340	3	0
1733	326	HN002L02	3783	4	0
1734	326	HN003L01	3783	5	0
1735	326	HN003L02	4341	6	0
1736	326	HN001L01	4341	7	0
1737	326	HN001L02	1740	8	0
1738	326	HN001L03	1740	9	0
1739	326	HN004L01	1740	10	0
1740	326	HN004L02	1830	11	0
1741	326	HS001L01	1830	12	0
1742	326	HS001L02	4342	13	0
1743	326	HS002L01	4342	14	0
1744	326	HS002L02	4343	15	0
1745	326	HS003L01	4343	16	0
1746	326	HS003L02	4344	17	0
1747	326	HS004L01	4344	18	0
1748	326	HS004L02	4345	19	0
1749	326	HS004L03	4345	20	0
1750	326	HS004L04	4345	21	0
1751	326	HZ002L01	4345	22	0
1752	326	HZ002L02	4346	23	0
1753	326	HZ009L01	4346	24	0
1754	326	HZ009L02	4347	25	0
1755	326	HZ003L01	4347	26	0
1756	326	HZ003L02	3527	27	0
1757	326	HZ005L01	3527	28	0
1758	326	HZ005L02	3528	29	0
1759	326	HZ001L01	3528	30	0
1760	326	HZ001L02	4348	31	0
1761	326	HZ001L03	4348	32	0
1762	326	HZ001L04	4348	33	0
1763	326	HZ008L01	4348	34	0
1764	326	HZ008L02	4349	35	0
1765	326	HZ004L01	4349	36	0
1766	326	HZ004L02	4350	37	0
1767	326	HZ007L01	4350	38	0
1768	326	HZ007L02	4351	39	0
1769	326	HZ006L01	4351	40	0
1770	326	HZ006L02	4352	41	0
1771	326	HW001L01	4352	42	0
1772	326	HW001L02	4056	43	0
1773	326	HW002L01	4056	44	0
1774	326	HW002L02	4057	45	0
1775	326	HW002L03	4057	46	0
1776	326	HW003L01	4057	47	0
1777	326	HW003L02	4058	48	0
1778	326	HW003L03	4058	49	0
1779	326	HT001L01	4058	50	0
1780	326	HT001L02	4353	51	0
1781	326	HT002L01	4353	52	0
1782	326	HT002L02	4354	53	0
1783	326	TH002L01	4354	54	0
1784	326	TH002L02	4355	55	0
1785	327	HN	3359	1	0
1786	327	HS	3361	2	0
1787	327	HZ	1590	3	0
1788	327	HC	4356	4	0
1789	327	HW	3362	5	0
1790	327	HT	4357	6	0
1791	327	TH	3363	7	0
1792	328	HN002L01	3783	1	0
1793	328	HN003L01	4341	2	0
1794	328	HN001L01	1740	3	0
1795	328	HN004L01	1830	4	0
1796	328	HS001L01	4342	5	0
1797	328	HS002L01	4343	6	0
1798	328	HS004L01	4345	8	0
1799	328	HZ009L01	4347	10	0
1800	328	HZ003L01	3527	11	0
1801	328	HZ001L01	4348	13	0
1802	328	HZ008L01	4349	14	0
1803	328	HZ004L01	4350	15	0
1804	328	HZ007L01	4351	16	0
1805	328	HZ006L01	4352	17	0
1806	328	HW001L01	4056	18	0
1807	328	HW002L01	4057	19	0
1808	328	HW003L01	4058	20	0
1809	328	HT001L01	4353	21	0
1810	328	HT002L01	4354	22	0
1811	328	TH002L01	4355	23	0
1812	329	8351	4358	1	0
1813	329	8075	4359	2	0
1814	329	8037	4360	3	0
1815	329	8002	4361	4	0
1816	329	8004	4362	5	0
1817	329	8005	4363	6	0
1818	329	8006	4364	7	0
1819	329	8034	4365	8	0
1820	329	8009	4366	9	0
1821	329	8356	4367	10	0
1822	329	8352	4368	11	0
1823	329	8357	4369	12	0
1824	329	8044	4370	13	0
1825	329	8039	4371	14	0
1826	329	8077	4372	15	0
1827	329	8012	4373	16	0
1828	329	8045	4374	17	0
1829	329	8011	4375	18	0
1830	329	8355	4376	19	0
1831	329	8067	4377	20	0
1832	329	8016	4378	21	0
1833	329	8018	4379	22	0
1834	329	8017	4380	23	0
1835	329	8019	4381	24	0
1836	329	8020	4382	25	0
1837	329	8042	4383	26	0
1838	329	8318	4384	27	0
1839	329	8025	4385	28	0
1840	329	8027	4386	29	0
1841	329	8036	4387	30	0
1842	329	8499	4388	31	0
1843	329	8359	4389	32	0
1844	329	8460	4390	33	0
1845	329	8010	4391	34	0
1846	330	WORKER	4392	1	0
1847	330	USER	532	2	0
1848	331	8351	4393	1	0
1849	331	8075	4394	2	0
1850	331	8037	4395	3	0
1851	331	8002	4396	4	0
1852	331	8004	4397	5	0
1853	331	8005	4398	6	0
1854	331	8006	4399	7	0
1855	331	8034	4400	8	0
1856	331	8009	4401	9	0
1857	331	8356	4402	10	0
1858	331	8352	4403	11	0
1859	331	8357	4404	12	0
1860	331	8044	4405	13	0
1861	331	8039	4406	14	0
1862	331	8077	4407	15	0
1863	331	8012	4408	16	0
1864	331	8045	4409	17	0
1865	331	8011	4410	18	0
1866	331	8355	4411	19	0
1867	331	8067	4412	20	0
1868	331	8016	4413	21	0
1869	331	8018	4414	22	0
1870	331	8017	4415	23	0
1871	331	8019	4416	24	0
1872	331	8020	4417	25	0
1873	331	8318	4418	26	0
1874	331	8042	4419	27	0
1875	331	8025	4420	28	0
1876	331	8027	4421	29	0
1877	331	8036	4422	30	0
1878	331	8499	4423	31	0
1879	331	8359	4424	32	0
1880	331	8460	4425	33	0
1881	331	8010	4426	34	0
1882	332	8351	4427	1	0
1883	332	8075	4428	2	0
1884	332	8037	4429	3	0
1885	332	8002	4430	4	0
1886	332	8004	4431	5	0
1887	332	8005	4432	6	0
1888	332	8006	4433	7	0
1889	332	8034	4434	8	0
1890	332	8009	4435	9	0
1891	332	8356	4436	10	0
1892	332	8352	4437	11	0
1893	332	8357	4438	12	0
1894	332	8044	4439	13	0
1895	332	8039	4440	14	0
1896	332	8077	4441	15	0
1897	332	8012	4442	16	0
1898	332	8045	4443	17	0
1899	332	8011	4444	18	0
1900	332	8355	4445	19	0
1901	332	8067	4446	20	0
1902	332	8016	4447	21	0
1903	332	8018	4448	22	0
1904	332	8017	4449	23	0
1905	332	8019	4450	24	0
1906	332	8020	4451	25	0
1907	332	8318	4452	26	0
1908	332	8042	4453	27	0
1909	332	8025	4454	28	0
1910	332	8027	4455	29	0
1911	332	8036	4456	30	0
1912	332	8499	4457	31	0
1913	332	8359	4458	32	0
1914	332	8460	4459	33	0
1915	332	8010	4460	34	0
1916	333	L1	4246	1	0
1917	333	L2	4247	2	0
1918	333	L3	4248	3	0
1919	333	L4	4249	4	0
1920	333	L5	4250	5	0
1921	333	L6	4251	6	0
1922	333	L7	4252	7	0
1923	333	L8	4253	8	0
1924	333	L9	4254	9	0
1925	333	B1	4255	10	0
1926	333	B2	2117	11	0
1927	333	B3	4256	12	0
1928	333	B4	4257	13	0
1929	333	B5	4258	14	0
1930	333	99	1155	15	0
1931	333	9903	3515	16	0
1932	333	9905	3514	17	0
1933	333	9910	2002	18	0
1934	333	_	4461	19	0
1935	334	8351	4462	1	0
1936	334	8075	4463	2	0
1937	334	8037	4464	3	0
1938	334	8002	4465	4	0
1939	334	8004	4466	5	0
1940	334	8005	4467	6	0
1941	334	8006	4468	7	0
1942	334	8034	4469	8	0
1943	334	8009	4470	9	0
1944	334	8356	4471	10	0
1945	334	8352	4472	11	0
1946	334	8357	4473	12	0
1947	334	8044	4474	13	0
1948	334	8039	4475	14	0
1949	334	8077	4476	15	0
1950	334	8012	4477	16	0
1951	334	8045	4478	17	0
1952	334	8011	4479	18	0
1953	334	8355	4480	19	0
1954	334	8067	4481	20	0
1955	334	8016	4482	21	0
1956	334	8018	4483	22	0
1957	334	8017	4484	23	0
1958	334	8019	4485	24	0
1959	334	8020	4486	25	0
1960	334	8318	4487	26	0
1961	334	8042	4488	27	0
1962	334	8025	4489	28	0
1963	334	8027	4490	29	0
1964	334	8036	4491	30	0
1965	334	8499	4492	31	0
1966	334	8359	4493	32	0
1967	334	8460	4494	33	0
1968	334	8010	4495	34	0
1969	335	0000	1791	1	0
1970	335	9999	3774	2	0
1971	336	0	4496	1	0
1972	336	1	4497	2	0
1973	337	MACHINENO	4498	1	0
1974	338	1	710	1	0
1975	338	0	1761	2	0
1976	339	TraceConfirmationViewForm	4499	1	0
1977	339	TraceInquiryViewForm	4500	2	0
1978	339	TraceSendTransactionForm	4501	3	0
1979	339	AssortOrderViewForm	3422	4	0
1980	340	8351	4502	1	0
1981	340	8075	4503	2	0
1982	340	8037	4504	3	0
1983	340	8002	4505	4	0
1984	340	8004	4506	5	0
1985	340	8005	4507	6	0
1986	340	8006	4508	7	0
1987	340	8034	4509	8	0
1988	340	8009	4510	9	0
1989	340	8356	4511	10	0
1990	340	8352	4512	11	0
1991	340	8357	4513	12	0
1992	340	8042	4514	13	0
1993	340	8044	4515	14	0
1994	340	8039	4516	15	0
1995	340	8077	4517	16	0
1996	340	8012	4518	17	0
1997	340	8045	4519	18	0
1998	340	8011	4520	19	0
1999	340	8355	4521	20	0
2000	340	8067	4522	21	0
2001	340	8016	4523	22	0
2002	340	8018	4524	23	0
2003	340	8017	4525	24	0
2004	340	8019	4526	25	0
2005	340	8020	4527	26	0
2006	340	8318	4528	27	0
2007	340	8025	4529	28	0
2008	340	8027	4530	29	0
2009	340	8036	4531	30	0
2010	340	8499	4532	31	0
2011	340	8359	4533	32	0
2012	340	8460	4534	33	0
2013	340	8010	4535	34	0
2014	341	8351	4536	1	0
2015	341	8075	4537	2	0
2016	341	8037	4538	3	0
2017	341	8002	4539	4	0
2018	341	8004	4540	5	0
2019	341	8005	4541	6	0
2020	341	8006	4542	7	0
2021	341	8034	4543	8	0
2022	341	8009	4544	9	0
2023	341	8356	4545	10	0
2024	341	8352	4546	11	0
2025	341	8357	4547	12	0
2026	341	8042	4548	13	0
2027	341	8044	4549	14	0
2028	341	8039	4550	15	0
2029	341	8077	4551	16	0
2030	341	8012	4552	17	0
2031	341	8045	4553	18	0
2032	341	8011	4554	19	0
2033	341	8355	4555	20	0
2034	341	8067	4556	21	0
2035	341	8016	4557	22	0
2036	341	8018	4558	23	0
2037	341	8017	4559	24	0
2038	341	8019	4560	25	0
2039	341	8020	4561	26	0
2040	341	8318	4562	27	0
2041	341	8025	4563	28	0
2042	341	8027	4564	29	0
2043	341	8036	4565	30	0
2044	341	8499	4566	31	0
2045	341	8359	4567	32	0
2046	341	8460	4568	33	0
2047	341	8010	4569	34	0
2048	342	02	4570	1	0
2049	342	09	4571	2	0
2050	343	0	4572	1	0
2051	343	1	4573	2	0
2052	344	0	4574	1	0
2053	344	1	4575	2	0
2054	345	0	4576	1	0
2055	345	1	4577	2	0
2056	345	2	4578	3	0
2057	345	3	4579	4	0
2058	345	4	4580	5	0
2059	346	0	4572	1	0
2060	346	1	4573	2	0
2061	346	2	1463	3	0
2062	346	3	4581	4	0
2063	347	00	4582	1	0
2064	348	8351	4583	1	0
2065	348	8075	4584	2	0
2066	348	8037	4585	3	0
2067	348	8002	4586	4	0
2068	348	8004	4587	5	0
2069	348	8005	4588	6	0
2070	348	8006	4589	7	0
2071	348	8034	4590	8	0
2072	348	8009	4591	9	0
2073	348	8356	4592	10	0
2074	348	8352	4593	11	0
2075	348	8357	4594	12	0
2076	348	8044	4595	13	0
2077	348	8039	4596	14	0
2078	348	8077	4597	15	0
2079	348	8012	4598	16	0
2080	348	8045	4599	17	0
2081	348	8011	4600	18	0
2082	348	8355	4601	19	0
2083	348	8067	4602	20	0
2084	348	8016	4603	21	0
2085	348	8018	4604	22	0
2086	348	8017	4605	23	0
2087	348	8019	4606	24	0
2088	348	8020	4607	25	0
2089	348	8318	4608	26	0
2090	348	8042	4609	27	0
2091	348	8025	4610	28	0
2092	348	8027	4611	29	0
2093	348	8036	4612	30	0
2094	348	8499	4613	31	0
2095	348	8359	4614	32	0
2096	348	8460	4615	33	0
2097	348	8010	4616	34	0
2098	349	4	4617	1	0
2099	349	9	4618	2	0
2100	350	0	3776	1	0
2101	350	1	3777	2	0
2102	350	2	3778	3	0
2103	351	0	4619	1	0
2104	351	1	4620	2	0
2105	352	100	4621	1	0
2106	352	200	4622	2	0
2107	352	300	4623	3	0
2108	352	400	3778	4	0
2109	353	8002_ASSORTORDER	4626	1	0
2110	353	8004_ASSORTORDER	4627	2	0
2111	353	8005_ASSORTORDER	4628	3	0
2112	353	8006_ASSORTORDER	4629	4	0
2113	353	8009_ASSORTORDER	4630	5	0
2114	353	8011_ASSORTORDER	4631	6	0
2115	353	8012_ASSORTORDER	4632	7	0
2116	353	8016_ASSORTORDER	4633	8	0
2117	353	8017_ASSORTORDER	4634	9	0
2118	353	8018_ASSORTORDER	4635	10	0
2119	353	8019_ASSORTORDER	4636	11	0
2120	353	8020_ASSORTORDER	4637	12	0
2121	353	8025_ASSORTORDER	4638	13	0
2122	353	8027_ASSORTORDER	4639	14	0
2123	353	8034_ASSORTORDER	4640	15	0
2124	353	8036_ASSORTORDER	4641	16	0
2125	353	8037_ASSORTORDER	4642	17	0
2126	353	8039_ASSORTORDER	4643	18	0
2127	353	8042_ASSORTORDER	4644	19	0
2128	353	8044_ASSORTORDER	4645	20	0
2129	353	8045_ASSORTORDER	4646	21	0
2130	353	8067_ASSORTORDER	4647	22	0
2131	353	8075_ASSORTORDER	4648	23	0
2132	353	8077_ASSORTORDER	4649	24	0
2133	353	8318_ASSORTORDER	4650	25	0
2134	353	8351_ASSORTORDER	4651	26	0
2135	353	8352_ASSORTORDER	4652	27	0
2136	353	8355_ASSORTORDER	4653	28	0
2137	353	8356_ASSORTORDER	4654	29	0
2138	353	8357_ASSORTORDER	4655	30	0
2139	354	CONC_ASSORTORDER_LARGE	4656	1	0
2140	354	CONC_ASSORTORDER_MIDDLE	4657	2	0
2141	354	CONC_ASSORTORDER_SMALL	4658	3	0
2142	354	CONC_ASSORTORDER_ALL	4659	4	0
2143	355	0	1855	1	0
2144	355	1	4660	2	0
2145	355	2	4661	3	0
2146	356	MIN	4662	1	0
2147	356	MAX	4663	2	0
2148	357	1	4664	1	0
2149	358	0	4220	1	0
2150	358	1	4065	2	0
2151	358	2	4067	3	0
2152	358	3	4227	4	0
2153	359	tsn_TracePicklistSyncREPORT2	4665	1	0
2154	360	8460	3749	1	0
2155	360	8010	3750	2	0
2156	361	7010	4335	1	0
2157	361	7020	4666	2	0
2158	362	8351	4667	1	0
2159	362	8075	4668	2	0
2160	362	8037	4669	3	0
2161	362	8002	4670	4	0
2162	362	8004	4671	5	0
2163	362	8005	4672	6	0
2164	362	8006	4673	7	0
2165	362	8034	4674	8	0
2166	362	8009	4675	9	0
2167	362	8356	4676	10	0
2168	362	8352	4677	11	0
2169	362	8357	4678	12	0
2170	362	8042	4679	13	0
2171	362	8044	4680	14	0
2172	362	8039	4681	15	0
2173	362	8077	4682	16	0
2174	362	8012	4683	17	0
2175	362	8045	4684	18	0
2176	362	8011	4685	19	0
2177	362	8355	4686	20	0
2178	362	8067	4687	21	0
2179	362	8016	4688	22	0
2180	362	8018	4689	23	0
2181	362	8017	4690	24	0
2182	362	8019	4691	25	0
2183	362	8020	4692	26	0
2184	362	8318	4693	27	0
2185	362	8025	4694	28	0
2186	362	8027	4695	29	0
2187	362	8036	4696	30	0
2188	362	8499	4697	31	0
2189	362	8359	4698	32	0
2190	362	8460	4699	33	0
2191	362	8010	4700	34	0
2192	363	tsn_AdoptInvDifREPORT2	4701	1	0
2193	363	tsn_AdoptInvREPORT2	4702	2	0
2194	363	tsn_AdoptPackedDifREPORT2	4703	3	0
2195	363	tsn_AlcActualREPORT2	4704	4	0
2196	363	tsn_AlcEntryREPORT2	4705	5	0
2197	363	tsn_BadItemCaseLabelREPORT2	4706	6	0
2198	363	tsn_BadItemCaseListREPORT2	4707	7	0
2199	363	tsn_BadItemDiffListREPORT2	4708	8	0
2200	363	tsn_BusinessTimeChartREPORT2	4709	9	0
2201	363	tsn_CaseLabelREPORT2	4710	10	0
2202	363	tsn_FlexPickListREPORT2	4711	11	0
2203	363	tsn_GdItmInvEntDmREPORT2	4712	12	0
2204	363	tsn_GdItmInvEntFrREPORT2	4713	13	0
2205	363	tsn_GdItmInvntryDmREPORT2	4714	14	0
2206	363	tsn_GdItmInvntryFrREPORT2	4715	15	0
2207	363	tsn_GdItmStkInvDmREPORT2	4716	16	0
2208	363	tsn_GdItmStkInvFrREPORT2	4717	17	0
2209	363	tsn_GdItmStockDmREPORT2	4718	18	0
2210	363	tsn_GdItmStockFrREPORT2	4719	19	0
2211	363	tsn_GoodItemDiffREPORT2	4720	20	0
2212	363	tsn_GoodItemHisReREPORT2	4721	21	0
2213	363	tsn_InvDifREPORT2	4722	22	0
2214	363	tsn_InventoryREPORT2	4723	23	0
2215	363	tsn_KasiInvDifREPORT2	4724	24	0
2216	363	tsn_KasiInvREPORT2	4725	25	0
2217	363	tsn_LineDiffrenceREPORT2	4726	26	0
2218	363	tsn_NoGdItmStkInvREPORT2	4727	27	0
2219	363	tsn_NoGoodItemDiffDmREPORT2	4728	28	0
2220	363	tsn_NoGoodItemDiffFrREPORT2	4729	29	0
2221	363	tsn_NoGoodItemHisReREPORT2	4730	30	0
2222	363	tsn_NsMonthChkREPORT2	4731	31	0
2223	363	tsn_PackedDifConfREPORT2	4732	32	0
2224	363	tsn_PackedListREPORT2	4733	33	0
2225	363	tsn_PalletCatalogREPORT2	4734	34	0
2226	363	tsn_PalletLabelREPORT2	4735	35	0
2227	363	tsn_PickCatalogREPORT2	4736	36	0
2228	363	tsn_RackMoveListREPORT2	4737	37	0
2229	363	tsn_RcvReverseMonREPORT2	4738	38	0
2230	363	tsn_RcvReverseREPORT2	4739	39	0
2231	363	tsn_ReceivePlanREPORT2	3675	40	0
2232	363	tsn_ReverStockListREPORT2	4740	41	0
2233	363	tsn_ReverseSOREPORT2	4741	42	0
2234	363	tsn_RtnGoodItemListREPORT2	4742	43	0
2235	363	tsn_SortLocPackedDifREPORT2	4743	44	0
2236	363	tsn_SortPackedDifREPORT2	4744	45	0
2237	363	tsn_TracePicklistREPORT2	4745	46	0
2238	363	tsn_TracePicklistSyncREPORT2	4746	47	0
2239	363	tsn_TraceSortInvDifREPORT2	4747	48	0
2240	363	tsn_TraceSortInvREPORT2	4748	49	0
2241	363	tsn_WorkerTimeChartREPORT2	4749	50	0
2242	364	PRINTERDEF_H002	4750	1	0
2243	364	PRINTERDEF_N002	3783	2	0
2244	364	PRINTERDEF_N004	1830	3	0
2245	364	PRINTERDEF_S001	4342	4	0
2246	364	PRINTERDEF_S0031	4073	5	0
2247	364	PRINTERDEF_S0032	4074	6	0
2248	364	PRINTERDEF_S0033	4070	7	0
2249	364	PRINTERDEF_S0034	4914	8	0
2250	364	PRINTERDEF_W001	4056	9	0
2251	364	PRINTERDEF_W002	4057	10	0
2252	364	PRINTERDEF_W003	4058	11	0
2253	364	PRINTERDEF_Z004	4350	12	0
2254	364	PRINTERDEF_Z005	3528	13	0
2255	364	PRINTERDEF_Z008	4349	14	0
2256	365	0	3517	1	0
2257	365	1	4751	2	0
2258	365	2	3521	3	0
2259	365	3	3515	4	0
2260	366	0	4752	1	0
2261	366	1	710	2	0
2262	366	2	4753	3	0
2263	367	A000	3544	1	0
2264	367	0001	3545	2	0
2265	367	0000	765	3	0
2266	368	0	2058	1	0
2267	368	1	4754	2	0
2268	369	00	3517	1	1
2269	369	01	4755	2	0
2270	369	02	4756	3	0
2271	369	03	4757	4	0
2272	369	04	3515	5	0
2273	369	05	4758	6	0
2274	369	06	4759	7	0
2275	370	00	4760	1	0
2276	370	01	4720	2	0
2277	370	02	4761	3	0
2278	371	0	4762	1	0
2279	371	1	4763	2	0
2280	371	2	4764	3	0
2281	372	0	4765	1	0
2282	372	1	4766	2	0
2283	373	0	4765	1	0
2284	373	1	4767	2	0
2285	374	CART	4768	1	0
2286	374	CS	4769	2	0
2287	374	FORK	4770	3	0
2288	374	NSRAK	4771	4	0
2289	374	PIECE	4772	5	0
2290	374	PLRAK	4773	6	0
2291	374	UPPER	4774	7	0
2292	374	ZN	724	8	0
2293	375	STD	1733	1	0
2294	375	RETUN	4775	2	0
2295	375	RGET	4776	3	0
2296	375	RPAIR	4777	4	0
2297	375	MVIN	4778	5	0
2298	375	ETC	2002	6	0
2299	375	PDMVI	4779	7	0
2300	376	A12	4780	1	0
2301	376	A15	4781	2	0
2302	376	B	4782	3	0
2303	376	C	4783	4	0
2304	376	CASE	4784	5	0
2305	376	D	4785	6	0
2306	376	E	4786	7	0
2307	376	F	4787	8	0
2308	376	FULLP	4788	9	0
2309	376	G	4789	10	0
2310	376	PALET	4790	11	0
2311	376	PIECE	4791	12	0
2312	377	0	4792	1	0
2313	377	1	4793	2	0
2314	378	0	4794	1	0
2315	378	1	4758	2	0
2316	378	2	4795	3	0
2317	379	0	4796	1	0
2318	379	1	4343	2	0
2319	380	0	4797	1	0
2320	380	1	4798	2	0
2321	380	2	4799	3	0
2322	381	0	4800	1	0
2323	381	1	4801	2	0
2324	382	D	4802	1	0
2325	383	0	4803	1	0
2326	383	1	4804	2	0
2327	384	0	2307	1	0
2328	384	1	2306	2	0
2329	385	0	1907	1	0
2330	385	1	4805	2	0
2331	385	2	4806	3	0
2332	385	3	4807	4	0
2333	385	4	4808	5	0
2334	385	5	4809	6	0
2335	385	6	4810	7	0
2336	386	1	3517	1	0
2337	386	2	3515	2	0
2338	386	3	4811	3	0
2339	386	4	4617	4	0
2340	386	5	3521	5	0
2341	386	9	4618	6	0
2342	386	99	4812	7	0
2343	387	1	3517	1	0
2344	387	2	3515	2	0
2345	387	5	3521	3	0
2346	388	0	4813	1	0
2347	388	1	4814	2	0
2348	388	2	4815	3	0
2349	388	3	4816	4	0
2350	388	4	4807	5	0
2351	388	9	4817	6	0
2352	389	0	4792	1	0
2353	389	1	4818	2	0
2354	390	0	4819	1	0
2355	390	9	4759	2	0
2356	391	HK001L01	28	1	0
2357	391	HK003L01	4340	2	0
2358	391	HN002L01	3783	3	0
2359	391	HN002L02	3783	4	0
2360	391	HN003L01	4341	5	0
2361	391	HN003L02	4341	6	0
2362	391	HN001L01	1740	7	0
2363	391	HN001L02	1740	8	0
2364	391	HN001L03	1740	9	0
2365	391	HS001L01	4342	10	0
2366	391	HS001L02	4342	11	0
2367	391	HS002L01	4343	12	0
2368	391	HS002L02	4343	13	0
2369	391	HS003L01	4344	14	0
2370	391	HS003L02	4344	15	0
2371	391	HZ002L01	4820	16	0
2372	391	HZ002L02	4820	17	0
2373	391	HZ003L01	3527	18	0
2374	391	HZ003L02	3527	19	0
2375	391	HZ005L01	4821	20	0
2376	391	HZ005L02	4821	21	0
2377	391	HZ001L01	4348	22	0
2378	391	HZ001L02	4348	23	0
2379	391	HZ008L01	4349	24	0
2380	391	HZ008L02	4349	25	0
2381	391	HZ004L01	4350	26	0
2382	391	HZ004L02	4350	27	0
2383	391	HZ007L01	4351	28	0
2384	391	HZ007L02	4351	29	0
2385	391	HZ006L01	4352	30	0
2386	391	HZ006L02	4352	31	0
2387	391	TH002L01	4355	32	0
2388	391	TH002L02	4355	33	0
2389	392	1	4822	1	0
2390	393	0	4220	1	0
2391	393	1	4065	2	0
2392	394	L1	4246	1	0
2393	394	L2	4247	2	0
2394	394	L3	4248	3	0
2395	394	L4	4249	4	0
2396	394	L5	4250	5	0
2397	394	L6	4251	6	0
2398	394	L7	4252	7	0
2399	394	L8	4253	8	0
2400	394	L9	4254	9	0
2401	394	B1	4255	10	0
2402	394	B2	2117	11	0
2403	394	B3	4256	12	0
2404	394	B4	4257	13	0
2405	394	B5	4258	14	0
2406	394	99	1155	15	0
2407	394	9903	3515	16	0
2408	394	9905	2002	17	0
2409	394	9910	3514	18	0
2410	395	1	4823	1	0
2411	395	2	4824	2	0
2412	395	3	4825	3	0
2413	396	11	4819	1	0
2414	396	12	4759	2	0
2415	396	13	4826	3	0
2416	396	14	4827	4	0
2417	396	01	4828	5	0
2418	396	02	4829	6	0
2419	396	03	4830	7	0
2420	396	04	4827	8	0
2421	396	05	4831	9	0
2422	396	06	4804	10	0
2423	396	07	4832	11	0
2424	396	21	4833	12	0
2425	396	22	4834	13	0
2426	396	23	4835	14	0
2427	396	31	4836	15	0
2428	396	32	4837	16	0
2429	397	0	1787	1	0
2430	397	1	1788	2	0
2431	398	0	4838	1	0
2432	398	1	2649	2	0
2433	399	ALL	4839	1	0
2434	399	CYCLE	4840	2	0
2435	399	SELECT	4841	3	0
2436	400	0	4842	1	0
2437	400	1	4843	2	0
2438	401	0	4813	1	0
2439	401	1	4844	2	0
2440	402	0	4845	1	0
2441	402	1	4846	2	0
2442	402	2	4847	3	0
2443	403	A000	3544	1	0
2444	403	0001	3545	2	0
2445	404	0	4848	1	0
2446	404	1	4849	2	0
2447	405	0	4850	1	0
2448	405	1	4851	2	0
2449	406	RETUN	4775	1	0
2450	406	RGET	4776	2	0
2451	407	200	4852	1	0
2452	407	250	4853	2	0
2453	407	300	1849	3	0
2454	407	400	805	4	0
2455	407	500	4854	5	0
2456	407	750	1908	6	0
2457	407	790	3777	7	0
2458	407	800	3778	8	0
2459	408	0000	4855	1	0
2460	408	0100	692	2	0
2461	408	0300	972	3	0
2462	408	0900	805	4	0
2463	409	01	3517	1	0
2464	409	02	3521	2	0
2465	409	03	3515	3	0
2466	409	04	4758	4	0
2467	409	05	4795	5	0
2468	409	06	4856	6	0
2469	410	1	3625	1	0
2470	410	2	3626	2	0
2471	410	3	3162	3	0
2472	411	0	4857	1	0
2473	411	1	4858	2	0
2474	411	2	4859	3	0
2475	412	0	2919	1	0
2476	412	1	4860	2	0
2477	412	2	4861	3	0
2478	413	0	4862	1	0
2479	413	1	4863	2	0
2480	414	0	4864	1	1
2481	414	1	4865	2	0
2482	415	0	4854	1	0
2483	415	1	4866	2	0
2484	416	0	1755	1	0
2485	416	1	4867	2	0
2486	417	A000	3544	1	0
2487	417	0001	3545	2	0
2488	417	K001	4868	3	0
2489	418	1	4813	1	0
2490	418	2	4813	2	0
2491	418	3	4813	3	0
2492	418	4	4813	4	0
2493	418	5	4844	5	0
2494	418	9	4844	6	0
2495	419	01	3517	1	0
2496	419	02	3521	2	0
2497	419	03	3515	3	0
2498	419	04	4758	4	0
2499	419	05	4795	5	0
2500	419	06	4856	6	0
2501	420	150	4869	1	0
2502	420	170	4870	2	0
2503	420	200	4871	3	0
2504	420	500	4872	4	0
2505	420	550	4873	5	0
2506	420	900	4874	6	0
2507	420	950	4875	7	0
2508	421	100	4876	1	0
2509	421	200	4877	2	0
2510	421	550	4878	3	0
2511	421	600	4879	4	0
2512	421	860	4880	5	0
2513	421	870	4881	6	0
2514	421	880	4882	7	0
2515	421	900	4883	8	0
2516	422	_	4884	1	0
2517	422	N	3174	2	0
2518	422	R	3617	3	0
2519	422	T	3619	4	0
2520	423	01	3517	1	0
2521	423	02	3521	2	0
2522	423	03	3515	3	0
2523	423	04	4758	4	0
2524	423	06	4856	5	0
2525	423	07	4885	6	0
2526	424	00	4856	1	0
2527	424	01	4886	2	0
2528	424	02	4887	3	0
2529	424	03	4888	4	0
2530	424	04	4889	5	0
2531	424	05	3550	6	0
2532	424	06	4890	7	0
2533	424	07	3543	8	0
2534	424	08	4891	9	0
2535	424	99	1766	10	0
2536	425	00	4813	1	0
2537	425	01	4844	2	0
2538	425	02	4892	3	0
2539	426	JP45	4893	1	0
2540	426	JP46	4894	2	0
2541	427	Z002	1864	1	0
2542	427	Z005	1863	2	0
2543	428	1	3551	1	0
2544	428	2	3552	2	0
2545	428	3	3553	3	0
2546	428	4	3554	4	0
2547	428	5	3555	5	0
2548	428	6	826	6	0
2549	429	0	4895	1	0
2550	429	1	4896	2	0
2551	429	2	4897	3	0
2552	429	3	4898	4	0
2553	430	0	4900	1	0
2554	430	1	4899	2	0
2555	431	0	4900	1	0
2556	432	0	4901	1	0
2557	432	1	1856	2	0
2558	432	2	4902	3	0
2559	433	00	2074	1	0
2560	433	10	2076	2	0
2561	433	20	4903	3	0
2562	433	30	4904	4	0
2563	434	1	4905	1	0
2564	434	2	4906	2	0
2565	434	3	4907	3	0
2566	435	0	4908	1	0
2567	435	1	4909	2	0
2568	436	0	4910	1	0
2569	436	1	4911	2	0
2570	437	0	4572	1	0
2571	437	1	4573	2	0
2572	437	2	1463	3	0
2573	438	0	4762	1	0
2574	438	1	1857	2	0
2575	439	0	4819	1	0
2576	439	9	4759	2	0
2577	440	ZO01	5177	1	0
2578	440	ZO02	5178	2	0
2579	440	ZO03	5179	3	0
2580	440	ZO04	5180	4	0
2581	440	ZO05	5181	5	0
2582	440	ZO06	5182	6	0
2583	440	ZO07	5183	7	0
2584	440	ZO08	5184	8	0
2585	440	ZO09	5185	9	0
2586	440	ZO10	5186	10	0
2587	440	ZO11	5187	11	0
2588	440	ZO15	5188	12	0
2589	440	ZO18	5189	13	0
2590	440	ZO22	5190	14	0
2591	440	ZO23	5191	15	0
2592	440	ZO24	5192	16	0
2593	440	ZO25	5193	17	0
2594	440	ZO31	5194	18	0
2595	440	ZO32	5195	19	0
2596	440	ZO33	5196	20	0
2597	440	ZO34	5197	21	0
2598	440	ZO35	5198	22	0
2599	440	ZO36	5199	23	0
2600	440	ZO37	5200	24	0
2601	440	ZO38	5201	25	0
2602	440	ZO71	5202	26	0
2603	440	ZO72	5203	27	0
2604	440	ZO73	5204	28	0
2605	440	ZO74	5205	29	0
2606	440	ZO75	5206	30	0
2607	440	ZO76	5207	31	0
2608	440	ZO81	5208	32	0
2609	440	ZO82	5209	33	0
2610	440	ZO83	5210	34	0
2611	440	ZO84	5211	35	0
2612	440	ZO86	5212	36	0
2613	440	ZO87	5213	37	0
2614	440	ZO88	5214	38	0
2615	440	ZO91	5215	39	0
2616	440	ZO92	5216	40	0
2617	440	ZO93	5217	41	0
2618	440	ZO94	5218	42	0
2619	440	ZO99	5219	43	0
2620	440	ZZUB	5220	44	0
2621	440	ZZZZ	765	45	0
2622	441	0	5147	1	1
2623	441	1	5446	2	0
2624	441	2	5447	3	0
2625	441	3	5448	4	0
2626	441	4	1819	5	0
2627	442	0	5449	1	0
2628	442	1	5450	2	0
2629	443	0	5451	1	0
2630	443	1	5452	2	0
2631	443	2	5453	3	0
2632	443	3	5454	4	0
2633	444	1	5455	1	0
2634	444	2	5456	2	0
2635	444	3	5457	3	0
2636	444	4	5458	4	0
2637	444	5	5459	5	0
2638	444	6	5460	6	0
2639	444	7	5461	7	0
2640	445	0	5462	1	0
2641	445	1	5463	2	0
2642	445	2	5464	3	0
2643	446	a	5465	1	0
2644	446	b	5466	2	0
2645	446	c	5467	3	0
2646	446	d	5468	4	0
2647	447	a	1552	1	0
2648	447	b	1553	2	0
2649	447	c	1554	3	0
2650	448	20	5534	1	0
2651	448	21	4830	2	0
2652	448	24	5535	3	0
2653	448	27	5536	4	0
2654	448	28	5537	5	0
2655	448	29	5538	6	0
2656	448	30	2002	7	0
2657	448	31	5539	8	0
2658	448	32	5540	9	0
2659	448	33	5541	10	0
2660	448	34	5542	11	0
2661	448	35	5543	12	0
2662	448	36	5544	13	0
2663	448	37	5545	14	0
2664	448	40	5546	15	0
2665	448	41	5547	16	0
2666	448	44	5548	17	0
2667	448	47	5549	18	0
2668	448	48	5550	19	0
2669	448	49	5551	20	0
2670	448	50	5552	21	0
2671	448	60	5553	22	0
2672	448	61	5554	23	0
2673	448	62	5555	24	0
2674	448	63	5556	25	0
2675	448	64	5557	26	0
2676	448	65	5558	27	0
2677	448	66	5559	28	0
2678	448	67	5560	29	0
2679	449	0	3605	1	0
2680	449	1	3606	2	0
2681	450	1	5617	1	0
2682	451	1	4244	1	0
2683	451	2	2670	2	0
2684	452	A000	3544	1	0
2685	452	0002	5630	2	0
2686	452	0001	3545	3	0
2687	452	0000	765	4	0
2688	453	0	3504	1	0
2689	453	1	4824	1	0
2690	453	2	5815	1	0
2691	454	0	5816	1	0
2692	454	1	5817	2	0
2693	454	2	5818	3	0
2694	454	3	5819	4	0
2695	455	3030	5821	1	0
